from,to,cost
0,7,0.0029368222622420505
1,2,0.011888547976940948
